<?xml version="1.0" encoding="UTF-8"?>
<config xmlns="http://www.knime.org/2008/09/XMLConfig" xmlns:xsi="http://www.w3.org/2001/XMLSchema-instance" xsi:schemaLocation="http://www.knime.org/2008/09/XMLConfig http://www.knime.org/XMLConfig_2008_09.xsd" key="model.xml">
<entry key="version" type="xint" value="1"/>
<entry key="class_name" type="xstring" value="org.knime.base.node.mine.pca.PCAModelPortObject"/>
<config key="model">
<config key="center">
<entry key="array-size" type="xint" value="16"/>
<entry key="0" type="xdouble" value="16.7442218798151"/>
<entry key="1" type="xdouble" value="2.514637904468413"/>
<entry key="2" type="xdouble" value="2.3066255778120186"/>
<entry key="3" type="xdouble" value="1.568567026194145"/>
<entry key="4" type="xdouble" value="1.9306625577812018"/>
<entry key="5" type="xdouble" value="0.2218798151001541"/>
<entry key="6" type="xdouble" value="3.930662557781202"/>
<entry key="7" type="xdouble" value="3.180277349768875"/>
<entry key="8" type="xdouble" value="3.184899845916795"/>
<entry key="9" type="xdouble" value="1.50231124807396"/>
<entry key="10" type="xdouble" value="2.280431432973806"/>
<entry key="11" type="xdouble" value="3.536209553158706"/>
<entry key="12" type="xdouble" value="3.6594761171032357"/>
<entry key="13" type="xdouble" value="11.399075500770415"/>
<entry key="14" type="xdouble" value="11.570107858243452"/>
<entry key="15" type="xdouble" value="11.906009244992296"/>
</config>
<config key="columnNames">
<entry key="array-size" type="xint" value="16"/>
<entry key="0" type="xstring" value="age"/>
<entry key="1" type="xstring" value="Medu"/>
<entry key="2" type="xstring" value="Fedu"/>
<entry key="3" type="xstring" value="traveltime"/>
<entry key="4" type="xstring" value="studytime"/>
<entry key="5" type="xstring" value="failures"/>
<entry key="6" type="xstring" value="famrel"/>
<entry key="7" type="xstring" value="freetime"/>
<entry key="8" type="xstring" value="goout"/>
<entry key="9" type="xstring" value="Dalc"/>
<entry key="10" type="xstring" value="Walc"/>
<entry key="11" type="xstring" value="health"/>
<entry key="12" type="xstring" value="absences"/>
<entry key="13" type="xstring" value="G1"/>
<entry key="14" type="xstring" value="G2"/>
<entry key="15" type="xstring" value="G3"/>
</config>
<config key="eigenvalues">
<entry key="array-size" type="xint" value="16"/>
<entry key="0" type="xdouble" value="0.25374550493426684"/>
<entry key="1" type="xdouble" value="0.3709759101250586"/>
<entry key="2" type="xdouble" value="0.4388984722746257"/>
<entry key="3" type="xdouble" value="0.5078630398299973"/>
<entry key="4" type="xdouble" value="0.601823671318875"/>
<entry key="5" type="xdouble" value="0.6485262652966286"/>
<entry key="6" type="xdouble" value="0.7435596795652339"/>
<entry key="7" type="xdouble" value="0.8205809249829918"/>
<entry key="8" type="xdouble" value="1.2924707071542998"/>
<entry key="9" type="xdouble" value="1.3441818213272438"/>
<entry key="10" type="xdouble" value="1.5723195289697582"/>
<entry key="11" type="xdouble" value="1.9115664452325194"/>
<entry key="12" type="xdouble" value="2.1269611959955856"/>
<entry key="13" type="xdouble" value="2.572974120944945"/>
<entry key="14" type="xdouble" value="19.896764352771058"/>
<entry key="15" type="xdouble" value="26.474995097087902"/>
</config>
<config key="eigenvectorRow0">
<entry key="array-size" type="xint" value="16"/>
<entry key="0" type="xdouble" value="-0.16252288092010614"/>
<entry key="1" type="xdouble" value="0.024640513249089058"/>
<entry key="2" type="xdouble" value="0.040936789614202225"/>
<entry key="3" type="xdouble" value="0.0026152532165203677"/>
<entry key="4" type="xdouble" value="0.10291062389397154"/>
<entry key="5" type="xdouble" value="0.09164029549089749"/>
<entry key="6" type="xdouble" value="-0.04200138786329637"/>
<entry key="7" type="xdouble" value="0.01777650802664235"/>
<entry key="8" type="xdouble" value="-0.7585214474920299"/>
<entry key="9" type="xdouble" value="-0.06724559872549532"/>
<entry key="10" type="xdouble" value="-0.4631156193644168"/>
<entry key="11" type="xdouble" value="0.2443923397355626"/>
<entry key="12" type="xdouble" value="-0.3039511564380948"/>
<entry key="13" type="xdouble" value="0.03690285059509418"/>
<entry key="14" type="xdouble" value="0.01668135017846798"/>
<entry key="15" type="xdouble" value="-0.04605425173681481"/>
</config>
<config key="eigenvectorRow1">
<entry key="array-size" type="xint" value="16"/>
<entry key="0" type="xdouble" value="-0.01200365266793502"/>
<entry key="1" type="xdouble" value="0.33066677025768887"/>
<entry key="2" type="xdouble" value="-0.6085170864514293"/>
<entry key="3" type="xdouble" value="-0.07276059814051912"/>
<entry key="4" type="xdouble" value="-0.041320912948674855"/>
<entry key="5" type="xdouble" value="0.020987552335196943"/>
<entry key="6" type="xdouble" value="0.011028753051864171"/>
<entry key="7" type="xdouble" value="-0.0021081609393896875"/>
<entry key="8" type="xdouble" value="-0.14134386913142966"/>
<entry key="9" type="xdouble" value="-0.015669300491434328"/>
<entry key="10" type="xdouble" value="-0.2783454449029247"/>
<entry key="11" type="xdouble" value="-0.5352390088337277"/>
<entry key="12" type="xdouble" value="0.30656482014882097"/>
<entry key="13" type="xdouble" value="0.17326728530537322"/>
<entry key="14" type="xdouble" value="0.041061408167886296"/>
<entry key="15" type="xdouble" value="0.05276454627267117"/>
</config>
<config key="eigenvectorRow2">
<entry key="array-size" type="xint" value="16"/>
<entry key="0" type="xdouble" value="0.03379338366598465"/>
<entry key="1" type="xdouble" value="-0.2716693173689836"/>
<entry key="2" type="xdouble" value="0.6001182457043345"/>
<entry key="3" type="xdouble" value="0.29283788445497766"/>
<entry key="4" type="xdouble" value="0.1320869532886311"/>
<entry key="5" type="xdouble" value="0.05073554433429891"/>
<entry key="6" type="xdouble" value="0.006979863246787064"/>
<entry key="7" type="xdouble" value="0.025424491941596825"/>
<entry key="8" type="xdouble" value="-0.06254889933370274"/>
<entry key="9" type="xdouble" value="-0.017145179392299117"/>
<entry key="10" type="xdouble" value="-0.2730243239011915"/>
<entry key="11" type="xdouble" value="-0.49376428928744687"/>
<entry key="12" type="xdouble" value="0.30332801229768463"/>
<entry key="13" type="xdouble" value="0.20106231887777795"/>
<entry key="14" type="xdouble" value="0.04286201595096321"/>
<entry key="15" type="xdouble" value="0.04023435748351248"/>
</config>
<config key="eigenvectorRow3">
<entry key="array-size" type="xint" value="16"/>
<entry key="0" type="xdouble" value="-0.05642202766695328"/>
<entry key="1" type="xdouble" value="0.27129133357405555"/>
<entry key="2" type="xdouble" value="-0.1610897938732155"/>
<entry key="3" type="xdouble" value="0.9142064873013583"/>
<entry key="4" type="xdouble" value="0.07734846629696387"/>
<entry key="5" type="xdouble" value="0.10955713479635737"/>
<entry key="6" type="xdouble" value="0.09155185094317209"/>
<entry key="7" type="xdouble" value="-0.013267024025990452"/>
<entry key="8" type="xdouble" value="0.07871312919263611"/>
<entry key="9" type="xdouble" value="-0.013901348077080425"/>
<entry key="10" type="xdouble" value="0.05812882178665643"/>
<entry key="11" type="xdouble" value="0.09779962038652595"/>
<entry key="12" type="xdouble" value="-0.12012656614828063"/>
<entry key="13" type="xdouble" value="-0.02367361932124124"/>
<entry key="14" type="xdouble" value="-0.01670043325521901"/>
<entry key="15" type="xdouble" value="-0.018664703953806653"/>
</config>
<config key="eigenvectorRow4">
<entry key="array-size" type="xint" value="16"/>
<entry key="0" type="xdouble" value="0.058060729221234404"/>
<entry key="1" type="xdouble" value="0.12757079397767887"/>
<entry key="2" type="xdouble" value="0.17824182043776157"/>
<entry key="3" type="xdouble" value="0.045147420529113406"/>
<entry key="4" type="xdouble" value="-0.8923619810975543"/>
<entry key="5" type="xdouble" value="0.21427918333751053"/>
<entry key="6" type="xdouble" value="0.21124215751455136"/>
<entry key="7" type="xdouble" value="0.18133244004663762"/>
<entry key="8" type="xdouble" value="-0.12469821428747459"/>
<entry key="9" type="xdouble" value="0.04024060827792678"/>
<entry key="10" type="xdouble" value="-0.00700001844234403"/>
<entry key="11" type="xdouble" value="-0.01823618396731379"/>
<entry key="12" type="xdouble" value="0.029886789688307065"/>
<entry key="13" type="xdouble" value="-0.07895289546173728"/>
<entry key="14" type="xdouble" value="0.008821228392422371"/>
<entry key="15" type="xdouble" value="0.04539744082026774"/>
</config>
<config key="eigenvectorRow5">
<entry key="array-size" type="xint" value="16"/>
<entry key="0" type="xdouble" value="0.9758239764093072"/>
<entry key="1" type="xdouble" value="0.07409487239599183"/>
<entry key="2" type="xdouble" value="-0.01728565900455111"/>
<entry key="3" type="xdouble" value="0.0398316749791035"/>
<entry key="4" type="xdouble" value="0.06962507817640044"/>
<entry key="5" type="xdouble" value="-7.913985064910708E-4"/>
<entry key="6" type="xdouble" value="-0.09465018309482393"/>
<entry key="7" type="xdouble" value="0.033003884032354526"/>
<entry key="8" type="xdouble" value="-0.12401405222403446"/>
<entry key="9" type="xdouble" value="0.00698258052693801"/>
<entry key="10" type="xdouble" value="-0.048501595965453594"/>
<entry key="11" type="xdouble" value="0.055210972684418935"/>
<entry key="12" type="xdouble" value="-0.047200000986422797"/>
<entry key="13" type="xdouble" value="-8.884888363772771E-4"/>
<entry key="14" type="xdouble" value="-0.017041147404132255"/>
<entry key="15" type="xdouble" value="-0.046346964955014294"/>
</config>
<config key="eigenvectorRow6">
<entry key="array-size" type="xint" value="16"/>
<entry key="0" type="xdouble" value="0.036699359433731614"/>
<entry key="1" type="xdouble" value="0.03366639022770275"/>
<entry key="2" type="xdouble" value="0.04055032999826376"/>
<entry key="3" type="xdouble" value="-0.05716930921357327"/>
<entry key="4" type="xdouble" value="-0.021665744168902917"/>
<entry key="5" type="xdouble" value="0.3771533435571169"/>
<entry key="6" type="xdouble" value="0.11545109219741828"/>
<entry key="7" type="xdouble" value="-0.804893426703561"/>
<entry key="8" type="xdouble" value="0.029751255434166225"/>
<entry key="9" type="xdouble" value="0.40903241527096146"/>
<entry key="10" type="xdouble" value="-0.08339448890299872"/>
<entry key="11" type="xdouble" value="0.08079628874639794"/>
<entry key="12" type="xdouble" value="0.06168546535332392"/>
<entry key="13" type="xdouble" value="0.05268283501180015"/>
<entry key="14" type="xdouble" value="-0.008982841662242733"/>
<entry key="15" type="xdouble" value="0.019340004095872144"/>
</config>
<config key="eigenvectorRow7">
<entry key="array-size" type="xint" value="16"/>
<entry key="0" type="xdouble" value="-0.07878955145095953"/>
<entry key="1" type="xdouble" value="0.08971695934671499"/>
<entry key="2" type="xdouble" value="0.024794840393768842"/>
<entry key="3" type="xdouble" value="0.019230102798262406"/>
<entry key="4" type="xdouble" value="-0.031489524787345353"/>
<entry key="5" type="xdouble" value="0.1926286897775543"/>
<entry key="6" type="xdouble" value="-0.638858310925017"/>
<entry key="7" type="xdouble" value="0.31179049353760985"/>
<entry key="8" type="xdouble" value="0.03329831051821756"/>
<entry key="9" type="xdouble" value="0.6062274735012863"/>
<entry key="10" type="xdouble" value="0.06290230433191649"/>
<entry key="11" type="xdouble" value="-0.00527511054219644"/>
<entry key="12" type="xdouble" value="-0.0785214450477747"/>
<entry key="13" type="xdouble" value="0.2484856388980154"/>
<entry key="14" type="xdouble" value="-0.02060980227575558"/>
<entry key="15" type="xdouble" value="-0.01916479625254474"/>
</config>
<config key="eigenvectorRow8">
<entry key="array-size" type="xint" value="16"/>
<entry key="0" type="xdouble" value="0.04323036166089526"/>
<entry key="1" type="xdouble" value="-0.1435292201693046"/>
<entry key="2" type="xdouble" value="-0.07506514296676207"/>
<entry key="3" type="xdouble" value="-0.004159185066242872"/>
<entry key="4" type="xdouble" value="0.026650940180017"/>
<entry key="5" type="xdouble" value="-0.3264447327576487"/>
<entry key="6" type="xdouble" value="0.5771311160511644"/>
<entry key="7" type="xdouble" value="0.13541707902621247"/>
<entry key="8" type="xdouble" value="-0.025854546795059843"/>
<entry key="9" type="xdouble" value="0.4455850700098494"/>
<entry key="10" type="xdouble" value="0.05060201281344803"/>
<entry key="11" type="xdouble" value="-0.08953490259348422"/>
<entry key="12" type="xdouble" value="-0.3311815002204696"/>
<entry key="13" type="xdouble" value="0.43911844312882914"/>
<entry key="14" type="xdouble" value="0.007805849607110981"/>
<entry key="15" type="xdouble" value="-0.02872592129009354"/>
</config>
<config key="eigenvectorRow9">
<entry key="array-size" type="xint" value="16"/>
<entry key="0" type="xdouble" value="0.0416575885015352"/>
<entry key="1" type="xdouble" value="-0.6880349352778485"/>
<entry key="2" type="xdouble" value="-0.36509451093041434"/>
<entry key="3" type="xdouble" value="0.13243058711278244"/>
<entry key="4" type="xdouble" value="-0.2384258508336912"/>
<entry key="5" type="xdouble" value="0.21175877855924866"/>
<entry key="6" type="xdouble" value="-0.2020935978039569"/>
<entry key="7" type="xdouble" value="-0.11413555829864162"/>
<entry key="8" type="xdouble" value="0.052125958584232426"/>
<entry key="9" type="xdouble" value="-0.2769197129866323"/>
<entry key="10" type="xdouble" value="0.012581356502665373"/>
<entry key="11" type="xdouble" value="-0.020791647221175477"/>
<entry key="12" type="xdouble" value="-0.17947014728621483"/>
<entry key="13" type="xdouble" value="0.32224645350496495"/>
<entry key="14" type="xdouble" value="0.008021002089136114"/>
<entry key="15" type="xdouble" value="-0.04872805245653638"/>
</config>
<config key="eigenvectorRow10">
<entry key="array-size" type="xint" value="16"/>
<entry key="0" type="xdouble" value="-0.011713388923599693"/>
<entry key="1" type="xdouble" value="0.463663245174971"/>
<entry key="2" type="xdouble" value="0.25158236517466037"/>
<entry key="3" type="xdouble" value="-0.1480657972626705"/>
<entry key="4" type="xdouble" value="-0.014151536543504852"/>
<entry key="5" type="xdouble" value="0.1103378098511856"/>
<entry key="6" type="xdouble" value="-0.06531543421132131"/>
<entry key="7" type="xdouble" value="-0.11923615554602293"/>
<entry key="8" type="xdouble" value="0.1705568007846594"/>
<entry key="9" type="xdouble" value="-0.42399853077219557"/>
<entry key="10" type="xdouble" value="0.08280302063497073"/>
<entry key="11" type="xdouble" value="-0.023415173611235404"/>
<entry key="12" type="xdouble" value="-0.28651616295985893"/>
<entry key="13" type="xdouble" value="0.6055314298069322"/>
<entry key="14" type="xdouble" value="0.012212966059891297"/>
<entry key="15" type="xdouble" value="-0.06021621184764239"/>
</config>
<config key="eigenvectorRow11">
<entry key="array-size" type="xint" value="16"/>
<entry key="0" type="xdouble" value="-0.0027049586264177006"/>
<entry key="1" type="xdouble" value="-0.016931888535567725"/>
<entry key="2" type="xdouble" value="-0.0472759486447202"/>
<entry key="3" type="xdouble" value="0.035996742243053284"/>
<entry key="4" type="xdouble" value="-0.01522086978459699"/>
<entry key="5" type="xdouble" value="-0.07507661990883044"/>
<entry key="6" type="xdouble" value="0.08825758097599029"/>
<entry key="7" type="xdouble" value="0.11762070549787156"/>
<entry key="8" type="xdouble" value="0.0253176626409307"/>
<entry key="9" type="xdouble" value="-0.01241006158864435"/>
<entry key="10" type="xdouble" value="-0.13585047665744582"/>
<entry key="11" type="xdouble" value="0.6015580568559767"/>
<entry key="12" type="xdouble" value="0.642775313043872"/>
<entry key="13" type="xdouble" value="0.41638145055643144"/>
<entry key="14" type="xdouble" value="-0.027199064665301264"/>
<entry key="15" type="xdouble" value="-0.01694588121556233"/>
</config>
<config key="eigenvectorRow12">
<entry key="array-size" type="xint" value="16"/>
<entry key="0" type="xdouble" value="-0.005513234096715189"/>
<entry key="1" type="xdouble" value="0.010477483157523587"/>
<entry key="2" type="xdouble" value="-1.0666773513092431E-4"/>
<entry key="3" type="xdouble" value="0.004326441958157548"/>
<entry key="4" type="xdouble" value="-0.014401976161739034"/>
<entry key="5" type="xdouble" value="-0.0029400929711508096"/>
<entry key="6" type="xdouble" value="-0.001558062656514211"/>
<entry key="7" type="xdouble" value="-0.008877705396667605"/>
<entry key="8" type="xdouble" value="0.006387650342410166"/>
<entry key="9" type="xdouble" value="0.03145883109835481"/>
<entry key="10" type="xdouble" value="0.038546852409213364"/>
<entry key="11" type="xdouble" value="0.01236550271719004"/>
<entry key="12" type="xdouble" value="0.046391936787422317"/>
<entry key="13" type="xdouble" value="-0.040023447199573674"/>
<entry key="14" type="xdouble" value="0.8514662770225984"/>
<entry key="15" type="xdouble" value="-0.5178085169168557"/>
</config>
<config key="eigenvectorRow13">
<entry key="array-size" type="xint" value="16"/>
<entry key="0" type="xdouble" value="0.008859218063346674"/>
<entry key="1" type="xdouble" value="-0.023048379897678842"/>
<entry key="2" type="xdouble" value="-0.008215387685071926"/>
<entry key="3" type="xdouble" value="-0.0018535073279623785"/>
<entry key="4" type="xdouble" value="0.1453858963947978"/>
<entry key="5" type="xdouble" value="0.21596155160196692"/>
<entry key="6" type="xdouble" value="0.07099206261531653"/>
<entry key="7" type="xdouble" value="0.02427861911730605"/>
<entry key="8" type="xdouble" value="-0.44615906996543003"/>
<entry key="9" type="xdouble" value="-0.042000128523675066"/>
<entry key="10" type="xdouble" value="0.6536781877164088"/>
<entry key="11" type="xdouble" value="-0.039386541482013086"/>
<entry key="12" type="xdouble" value="0.1532793837311365"/>
<entry key="13" type="xdouble" value="0.11442912297750482"/>
<entry key="14" type="xdouble" value="0.24766455062220735"/>
<entry key="15" type="xdouble" value="0.44533005834084"/>
</config>
<config key="eigenvectorRow14">
<entry key="array-size" type="xint" value="16"/>
<entry key="0" type="xdouble" value="0.00590121555120405"/>
<entry key="1" type="xdouble" value="0.034717137300048155"/>
<entry key="2" type="xdouble" value="0.036447118463699114"/>
<entry key="3" type="xdouble" value="0.12678088965056702"/>
<entry key="4" type="xdouble" value="-0.24275932968256037"/>
<entry key="5" type="xdouble" value="-0.6235061640914353"/>
<entry key="6" type="xdouble" value="-0.30598284885780086"/>
<entry key="7" type="xdouble" value="-0.30084325863617295"/>
<entry key="8" type="xdouble" value="0.00287279228714919"/>
<entry key="9" type="xdouble" value="0.018571608133337445"/>
<entry key="10" type="xdouble" value="-0.1218131463962535"/>
<entry key="11" type="xdouble" value="0.05911482415869706"/>
<entry key="12" type="xdouble" value="-0.07000919923941627"/>
<entry key="13" type="xdouble" value="0.045549497592413404"/>
<entry key="14" type="xdouble" value="0.29491322956405025"/>
<entry key="15" type="xdouble" value="0.48672157382068754"/>
</config>
<config key="eigenvectorRow15">
<entry key="array-size" type="xint" value="16"/>
<entry key="0" type="xdouble" value="0.04545574694718037"/>
<entry key="1" type="xdouble" value="-0.02434999369385681"/>
<entry key="2" type="xdouble" value="-0.0419270139369956"/>
<entry key="3" type="xdouble" value="-0.09507153394478136"/>
<entry key="4" type="xdouble" value="0.15293141585864967"/>
<entry key="5" type="xdouble" value="0.3830028964403333"/>
<entry key="6" type="xdouble" value="0.17316907772542314"/>
<entry key="7" type="xdouble" value="0.26311242642602795"/>
<entry key="8" type="xdouble" value="0.3597399173722207"/>
<entry key="9" type="xdouble" value="-2.2181800825701512E-4"/>
<entry key="10" type="xdouble" value="-0.3810035790790959"/>
<entry key="11" type="xdouble" value="0.12007933360180244"/>
<entry key="12" type="xdouble" value="-0.1625153917130714"/>
<entry key="13" type="xdouble" value="-0.058265960843091394"/>
<entry key="14" type="xdouble" value="0.3474555933195684"/>
<entry key="15" type="xdouble" value="0.526993616379559"/>
</config>
</config>
</config>
